{
  "project_info": {
    "project_number": "447594338630",
    "firebase_url": "https://broadwaybubbles-c1fda.firebaseio.com",
    "project_id": "broadwaybubbles-c1fda",
    "storage_bucket": "broadwaybubbles-c1fda.appspot.com"
  },
  "client": [
    {
      "client_info": {
        "mobilesdk_app_id": "1:447594338630:android:bd52e906c774de9f",
        "android_client_info": {
          "package_name": "com.BroadwayBubbles.android"
        }
      },
      "oauth_client": [
        {
          "client_id": "447594338630-ejfcmqhu7qrsg701jbm1lec7r77103i6.apps.googleusercontent.com",
          "client_type": 3
        }
      ],
      "api_key": [
        {
          "current_key": "AIzaSyALWDldNeP-ANX3jgu063qLqKVXP9t8S34"
        }
      ],
      "services": {
        "analytics_service": {
          "status": 1
        },
        "appinvite_service": {
          "status": 1,
          "other_platform_oauth_client": []
        },
        "ads_service": {
          "status": 2
        }
      }
    }
  ],
  "configuration_version": "1"
}